{
  "user_id": "test_user",
  "timestamp": 1761112546.508066,
  "emg_baseline_rms": {
    "channel_0": 0.27062624393945506,
    "channel_1": 0.27668441715415754,
    "channel_2": 0.3045259079344083,
    "channel_3": 0.29581212595015655,
    "channel_4": 0.2915527858976029,
    "channel_5": 0.29242389522376055,
    "channel_6": 0.2965845665201238,
    "channel_7": 0.29371726688749106
  },
  "emg_baseline_mdf": {
    "channel_0": 316.40625,
    "channel_1": 261.71875,
    "channel_2": 222.65625,
    "channel_3": 226.5625,
    "channel_4": 308.59375,
    "channel_5": 250.0,
    "channel_6": 250.0,
    "channel_7": 230.46875
  },
  "gsr_baseline_tonic": 0.14959168811991416,
  "gsr_scr_threshold": 0.055331770928307926,
  "emg_quantiles": {
    "channel_0": {
      "p10": 0.04425103785009761,
      "p90": 0.6275060214487395
    },
    "channel_1": {
      "p10": 0.043283809547420775,
      "p90": 0.7153511456517175
    },
    "channel_2": {
      "p10": 0.04579273690950265,
      "p90": 0.6881841767419835
    },
    "channel_3": {
      "p10": 0.05448369460036387,
      "p90": 0.6948839081696981
    },
    "channel_4": {
      "p10": 0.04177493862709451,
      "p90": 0.723267241622821
    },
    "channel_5": {
      "p10": 0.03824478079947718,
      "p90": 0.6876345061110192
    },
    "channel_6": {
      "p10": 0.058391160788716596,
      "p90": 0.7602650274325776
    },
    "channel_7": {
      "p10": 0.039093096044067695,
      "p90": 0.7023095190279541
    }
  },
  "gsr_quantiles": {
    "p10": 0.1288427310543922,
    "p90": 0.20018864030553937
  },
  "snr_threshold": 6.0,
  "clipping_threshold": 0.01
}