{
  "user_id": "test_user",
  "timestamp": 1761116986.6376882,
  "emg_baseline_rms": {
    "channel_0": 0.2763170702780244,
    "channel_1": 0.31124668710273484,
    "channel_2": 0.2987797339528202,
    "channel_3": 0.3209410355123029,
    "channel_4": 0.2975176134105966,
    "channel_5": 0.3067367552467134,
    "channel_6": 0.3038439821489903,
    "channel_7": 0.28340357746688905
  },
  "emg_baseline_mdf": {
    "channel_0": 261.71875,
    "channel_1": 242.1875,
    "channel_2": 281.25,
    "channel_3": 234.375,
    "channel_4": 230.46875,
    "channel_5": 230.46875,
    "channel_6": 226.5625,
    "channel_7": 250.0
  },
  "gsr_baseline_tonic": 0.14931910470044782,
  "gsr_scr_threshold": 0.049560320439536946,
  "emg_quantiles": {
    "channel_0": {
      "p10": 0.04382546305077375,
      "p90": 0.6991754738056323
    },
    "channel_1": {
      "p10": 0.034842589744658356,
      "p90": 0.6879554798291498
    },
    "channel_2": {
      "p10": 0.04254865728674329,
      "p90": 0.6464792571463676
    },
    "channel_3": {
      "p10": 0.057294727605194336,
      "p90": 0.7394159689462235
    },
    "channel_4": {
      "p10": 0.05226413006626296,
      "p90": 0.7177335095199583
    },
    "channel_5": {
      "p10": 0.051192073592199294,
      "p90": 0.753282393799875
    },
    "channel_6": {
      "p10": 0.044686744294551925,
      "p90": 0.718607091785025
    },
    "channel_7": {
      "p10": 0.054919678158708234,
      "p90": 0.6568224300563893
    }
  },
  "gsr_quantiles": {
    "p10": 0.13244780677641121,
    "p90": 0.199614151395222
  },
  "snr_threshold": 6.0,
  "clipping_threshold": 0.01
}